{
    "rmse": 0.20296198681546862,
    "r2": 0.8481537465120981
}